{"cameraMode":{"drawMode":0,"name":"Shaded","section":"Shading Mode"},"sceneLighting":true,"audioPlay":false,"sceneViewState":{"m_AlwaysRefresh":false,"showFog":true,"showSkybox":false,"showFlares":true,"showImageEffects":true,"showParticleSystems":true,"showVisualEffectGraphs":true,"m_FxEnabled":false},"in2DMode":false,"pivot":{"x":0.5052669048309326,"y":0.23483756184577943,"z":-22.293869018554689},"rotation":{"x":0.001499992678873241,"y":0.0029999923426657917,"z":-0.000004499991973716533,"w":0.9999943375587463},"size":6.19207239151001,"orthographic":true}